{
    "train": {
        "accuracy": 14.133462237370473,
        "loss": 0.7198176303869713
    },
    "val": {
        "accuracy": 14.247997193100586,
        "loss": 0.5737614155424077
    },
    "step": 14
}
