step	loss
0	14.55710494864239
1	13.58534490059935
2	12.290351100677853
3	11.953045125994036
4	10.440227727372013
5	9.786581275892575
6	8.804905123852762
7	7.661316071348352
8	6.3717465924981465
9	5.520172942224486
10	4.712692773870357
11	3.090921488111012
12	2.863474943752441
13	1.8982963310893375
14	0.7198176303869713
